--
-- PostgreSQL database dump
--

-- Dumped from database version 16.9 (Ubuntu 16.9-0ubuntu0.24.04.1)
-- Dumped by pg_dump version 16.9 (Ubuntu 16.9-0ubuntu0.24.04.1)

SET statement_timeout = 0;
SET lock_timeout = 0;
SET idle_in_transaction_session_timeout = 0;
SET client_encoding = 'UTF8';
SET standard_conforming_strings = on;
SELECT pg_catalog.set_config('search_path', '', false);
SET check_function_bodies = false;
SET xmloption = content;
SET client_min_messages = warning;
SET row_security = off;

SET default_tablespace = '';

SET default_table_access_method = heap;

--
-- Name: activity_logs; Type: TABLE; Schema: public; Owner: vyrazu-35
--

CREATE TABLE public.activity_logs (
    id bigint NOT NULL,
    log_id uuid NOT NULL,
    window_title text NOT NULL,
    start_timestamp timestamp with time zone NOT NULL,
    end_timestamp timestamp with time zone NOT NULL,
    duration integer NOT NULL,
    is_active boolean NOT NULL,
    productivity_status character varying(255) NOT NULL,
    user_id bigint NOT NULL,
    category_id bigint NOT NULL,
    app_id bigint NOT NULL
);


ALTER TABLE public.activity_logs OWNER TO "vyrazu-35";

--
-- Name: COLUMN activity_logs.duration; Type: COMMENT; Schema: public; Owner: vyrazu-35
--

COMMENT ON COLUMN public.activity_logs.duration IS 'Measured in seconds';


--
-- Name: activity_logs_id_seq; Type: SEQUENCE; Schema: public; Owner: vyrazu-35
--

ALTER TABLE public.activity_logs ALTER COLUMN id ADD GENERATED BY DEFAULT AS IDENTITY (
    SEQUENCE NAME public.activity_logs_id_seq
    START WITH 1
    INCREMENT BY 1
    NO MINVALUE
    NO MAXVALUE
    CACHE 1
);


--
-- Name: auth_group; Type: TABLE; Schema: public; Owner: vyrazu-35
--

CREATE TABLE public.auth_group (
    id integer NOT NULL,
    name character varying(150) NOT NULL
);


ALTER TABLE public.auth_group OWNER TO "vyrazu-35";

--
-- Name: auth_group_id_seq; Type: SEQUENCE; Schema: public; Owner: vyrazu-35
--

ALTER TABLE public.auth_group ALTER COLUMN id ADD GENERATED BY DEFAULT AS IDENTITY (
    SEQUENCE NAME public.auth_group_id_seq
    START WITH 1
    INCREMENT BY 1
    NO MINVALUE
    NO MAXVALUE
    CACHE 1
);


--
-- Name: auth_group_permissions; Type: TABLE; Schema: public; Owner: vyrazu-35
--

CREATE TABLE public.auth_group_permissions (
    id bigint NOT NULL,
    group_id integer NOT NULL,
    permission_id integer NOT NULL
);


ALTER TABLE public.auth_group_permissions OWNER TO "vyrazu-35";

--
-- Name: auth_group_permissions_id_seq; Type: SEQUENCE; Schema: public; Owner: vyrazu-35
--

ALTER TABLE public.auth_group_permissions ALTER COLUMN id ADD GENERATED BY DEFAULT AS IDENTITY (
    SEQUENCE NAME public.auth_group_permissions_id_seq
    START WITH 1
    INCREMENT BY 1
    NO MINVALUE
    NO MAXVALUE
    CACHE 1
);


--
-- Name: auth_permission; Type: TABLE; Schema: public; Owner: vyrazu-35
--

CREATE TABLE public.auth_permission (
    id integer NOT NULL,
    name character varying(255) NOT NULL,
    content_type_id integer NOT NULL,
    codename character varying(100) NOT NULL
);


ALTER TABLE public.auth_permission OWNER TO "vyrazu-35";

--
-- Name: auth_permission_id_seq; Type: SEQUENCE; Schema: public; Owner: vyrazu-35
--

ALTER TABLE public.auth_permission ALTER COLUMN id ADD GENERATED BY DEFAULT AS IDENTITY (
    SEQUENCE NAME public.auth_permission_id_seq
    START WITH 1
    INCREMENT BY 1
    NO MINVALUE
    NO MAXVALUE
    CACHE 1
);


--
-- Name: django_admin_log; Type: TABLE; Schema: public; Owner: vyrazu-35
--

CREATE TABLE public.django_admin_log (
    id integer NOT NULL,
    action_time timestamp with time zone NOT NULL,
    object_id text,
    object_repr character varying(200) NOT NULL,
    action_flag smallint NOT NULL,
    change_message text NOT NULL,
    content_type_id integer,
    user_id bigint NOT NULL,
    CONSTRAINT django_admin_log_action_flag_check CHECK ((action_flag >= 0))
);


ALTER TABLE public.django_admin_log OWNER TO "vyrazu-35";

--
-- Name: django_admin_log_id_seq; Type: SEQUENCE; Schema: public; Owner: vyrazu-35
--

ALTER TABLE public.django_admin_log ALTER COLUMN id ADD GENERATED BY DEFAULT AS IDENTITY (
    SEQUENCE NAME public.django_admin_log_id_seq
    START WITH 1
    INCREMENT BY 1
    NO MINVALUE
    NO MAXVALUE
    CACHE 1
);


--
-- Name: django_content_type; Type: TABLE; Schema: public; Owner: vyrazu-35
--

CREATE TABLE public.django_content_type (
    id integer NOT NULL,
    app_label character varying(100) NOT NULL,
    model character varying(100) NOT NULL
);


ALTER TABLE public.django_content_type OWNER TO "vyrazu-35";

--
-- Name: django_content_type_id_seq; Type: SEQUENCE; Schema: public; Owner: vyrazu-35
--

ALTER TABLE public.django_content_type ALTER COLUMN id ADD GENERATED BY DEFAULT AS IDENTITY (
    SEQUENCE NAME public.django_content_type_id_seq
    START WITH 1
    INCREMENT BY 1
    NO MINVALUE
    NO MAXVALUE
    CACHE 1
);


--
-- Name: django_migrations; Type: TABLE; Schema: public; Owner: vyrazu-35
--

CREATE TABLE public.django_migrations (
    id bigint NOT NULL,
    app character varying(255) NOT NULL,
    name character varying(255) NOT NULL,
    applied timestamp with time zone NOT NULL
);


ALTER TABLE public.django_migrations OWNER TO "vyrazu-35";

--
-- Name: django_migrations_id_seq; Type: SEQUENCE; Schema: public; Owner: vyrazu-35
--

ALTER TABLE public.django_migrations ALTER COLUMN id ADD GENERATED BY DEFAULT AS IDENTITY (
    SEQUENCE NAME public.django_migrations_id_seq
    START WITH 1
    INCREMENT BY 1
    NO MINVALUE
    NO MAXVALUE
    CACHE 1
);


--
-- Name: django_session; Type: TABLE; Schema: public; Owner: vyrazu-35
--

CREATE TABLE public.django_session (
    session_key character varying(40) NOT NULL,
    session_data text NOT NULL,
    expire_date timestamp with time zone NOT NULL
);


ALTER TABLE public.django_session OWNER TO "vyrazu-35";

--
-- Name: screenshots; Type: TABLE; Schema: public; Owner: vyrazu-35
--

CREATE TABLE public.screenshots (
    id bigint NOT NULL,
    uuid uuid NOT NULL,
    capture_time timestamp with time zone NOT NULL,
    user_id bigint NOT NULL
);


ALTER TABLE public.screenshots OWNER TO "vyrazu-35";

--
-- Name: screenshots_id_seq; Type: SEQUENCE; Schema: public; Owner: vyrazu-35
--

ALTER TABLE public.screenshots ALTER COLUMN id ADD GENERATED BY DEFAULT AS IDENTITY (
    SEQUENCE NAME public.screenshots_id_seq
    START WITH 1
    INCREMENT BY 1
    NO MINVALUE
    NO MAXVALUE
    CACHE 1
);


--
-- Name: time_segments; Type: TABLE; Schema: public; Owner: vyrazu-35
--

CREATE TABLE public.time_segments (
    id bigint NOT NULL,
    uuid uuid NOT NULL,
    date date NOT NULL,
    start_time timestamp with time zone NOT NULL,
    end_time timestamp with time zone NOT NULL,
    duration integer NOT NULL,
    segment_type character varying(255) NOT NULL,
    user_id bigint NOT NULL,
    activity_log_id bigint
);


ALTER TABLE public.time_segments OWNER TO "vyrazu-35";

--
-- Name: COLUMN time_segments.duration; Type: COMMENT; Schema: public; Owner: vyrazu-35
--

COMMENT ON COLUMN public.time_segments.duration IS 'Measured in seconds';


--
-- Name: time_segments_id_seq; Type: SEQUENCE; Schema: public; Owner: vyrazu-35
--

ALTER TABLE public.time_segments ALTER COLUMN id ADD GENERATED BY DEFAULT AS IDENTITY (
    SEQUENCE NAME public.time_segments_id_seq
    START WITH 1
    INCREMENT BY 1
    NO MINVALUE
    NO MAXVALUE
    CACHE 1
);


--
-- Name: tracker_app_categories; Type: TABLE; Schema: public; Owner: vyrazu-35
--

CREATE TABLE public.tracker_app_categories (
    id bigint NOT NULL,
    uuid uuid NOT NULL,
    name character varying(255) NOT NULL,
    productivity_status_type character varying(255) NOT NULL
);


ALTER TABLE public.tracker_app_categories OWNER TO "vyrazu-35";

--
-- Name: tracker_app_categories_id_seq; Type: SEQUENCE; Schema: public; Owner: vyrazu-35
--

ALTER TABLE public.tracker_app_categories ALTER COLUMN id ADD GENERATED BY DEFAULT AS IDENTITY (
    SEQUENCE NAME public.tracker_app_categories_id_seq
    START WITH 1
    INCREMENT BY 1
    NO MINVALUE
    NO MAXVALUE
    CACHE 1
);


--
-- Name: tracker_apps; Type: TABLE; Schema: public; Owner: vyrazu-35
--

CREATE TABLE public.tracker_apps (
    id bigint NOT NULL,
    uuid uuid NOT NULL,
    name character varying(255) NOT NULL,
    category_id bigint NOT NULL
);


ALTER TABLE public.tracker_apps OWNER TO "vyrazu-35";

--
-- Name: tracker_apps_id_seq; Type: SEQUENCE; Schema: public; Owner: vyrazu-35
--

ALTER TABLE public.tracker_apps ALTER COLUMN id ADD GENERATED BY DEFAULT AS IDENTITY (
    SEQUENCE NAME public.tracker_apps_id_seq
    START WITH 1
    INCREMENT BY 1
    NO MINVALUE
    NO MAXVALUE
    CACHE 1
);


--
-- Name: tracker_summaries; Type: TABLE; Schema: public; Owner: vyrazu-35
--

CREATE TABLE public.tracker_summaries (
    id bigint NOT NULL,
    summary_id uuid NOT NULL,
    summary_date date NOT NULL,
    start_time time without time zone NOT NULL,
    last_seen_time time without time zone NOT NULL,
    working_time integer NOT NULL,
    productive_time integer NOT NULL,
    non_productive_time integer NOT NULL,
    away_time integer NOT NULL,
    user_id bigint NOT NULL
);


ALTER TABLE public.tracker_summaries OWNER TO "vyrazu-35";

--
-- Name: tracker_summaries_id_seq; Type: SEQUENCE; Schema: public; Owner: vyrazu-35
--

ALTER TABLE public.tracker_summaries ALTER COLUMN id ADD GENERATED BY DEFAULT AS IDENTITY (
    SEQUENCE NAME public.tracker_summaries_id_seq
    START WITH 1
    INCREMENT BY 1
    NO MINVALUE
    NO MAXVALUE
    CACHE 1
);


--
-- Name: users; Type: TABLE; Schema: public; Owner: vyrazu-35
--

CREATE TABLE public.users (
    id bigint NOT NULL,
    organization_id character varying(255) NOT NULL,
    employee_id character varying(255) NOT NULL,
    first_name character varying(255) NOT NULL,
    last_name character varying(255) NOT NULL,
    email character varying(255) NOT NULL,
    password character varying(255) NOT NULL,
    remember_token character varying(100),
    type character varying(255) NOT NULL,
    status integer NOT NULL,
    deleted_at timestamp with time zone,
    created_at timestamp with time zone,
    updated_at timestamp with time zone,
    activation_confirm integer,
    is_admin boolean NOT NULL
);


ALTER TABLE public.users OWNER TO "vyrazu-35";

--
-- Name: users_groups; Type: TABLE; Schema: public; Owner: vyrazu-35
--

CREATE TABLE public.users_groups (
    id bigint NOT NULL,
    users_id bigint NOT NULL,
    group_id integer NOT NULL
);


ALTER TABLE public.users_groups OWNER TO "vyrazu-35";

--
-- Name: users_groups_id_seq; Type: SEQUENCE; Schema: public; Owner: vyrazu-35
--

ALTER TABLE public.users_groups ALTER COLUMN id ADD GENERATED BY DEFAULT AS IDENTITY (
    SEQUENCE NAME public.users_groups_id_seq
    START WITH 1
    INCREMENT BY 1
    NO MINVALUE
    NO MAXVALUE
    CACHE 1
);


--
-- Name: users_id_seq; Type: SEQUENCE; Schema: public; Owner: vyrazu-35
--

ALTER TABLE public.users ALTER COLUMN id ADD GENERATED BY DEFAULT AS IDENTITY (
    SEQUENCE NAME public.users_id_seq
    START WITH 1
    INCREMENT BY 1
    NO MINVALUE
    NO MAXVALUE
    CACHE 1
);


--
-- Name: users_user_permissions; Type: TABLE; Schema: public; Owner: vyrazu-35
--

CREATE TABLE public.users_user_permissions (
    id bigint NOT NULL,
    users_id bigint NOT NULL,
    permission_id integer NOT NULL
);


ALTER TABLE public.users_user_permissions OWNER TO "vyrazu-35";

--
-- Name: users_user_permissions_id_seq; Type: SEQUENCE; Schema: public; Owner: vyrazu-35
--

ALTER TABLE public.users_user_permissions ALTER COLUMN id ADD GENERATED BY DEFAULT AS IDENTITY (
    SEQUENCE NAME public.users_user_permissions_id_seq
    START WITH 1
    INCREMENT BY 1
    NO MINVALUE
    NO MAXVALUE
    CACHE 1
);


--
-- Data for Name: activity_logs; Type: TABLE DATA; Schema: public; Owner: vyrazu-35
--

COPY public.activity_logs (id, log_id, window_title, start_timestamp, end_timestamp, duration, is_active, productivity_status, user_id, category_id, app_id) FROM stdin;
1	68b65d58-dbea-41ae-8d30-9115f4b14cf2	HRMWARE	2025-07-01 13:21:23+05:30	2025-07-01 13:21:26+05:30	3	f	neutral	1	1	1
2	06532ae8-a6b3-45a0-8033-34be3e4a7b99	main.ts - hrmware-tracker-v2 - Visual Studio Code	2025-07-01 13:21:26+05:30	2025-07-01 13:21:29+05:30	3	f	neutral	1	1	2
3	e6ef4c44-39b0-4c96-8f3f-646d9e814c16	JWT Authentication in Nodejs — Refresh JWT with Cookie-based Token | by Suneel Kumar | Medium - Google Chrome	2025-07-01 13:21:29+05:30	2025-07-01 13:23:23+05:30	6441	t	neutral	1	1	3
4	ff01c977-dda4-466f-8250-7e8472917843	Perplexity - Google Chrome	2025-07-01 13:23:23+05:30	2025-07-01 13:25:15+05:30	136	t	neutral	1	1	3
5	73471d52-a966-4d9a-95e5-e841e0fd09ba	HRMWARE	2025-07-01 13:24:43+05:30	2025-07-01 13:24:56+05:30	13	f	neutral	1	1	1
6	df7082f8-70ff-4631-a298-f2a22f04b7f5	Chat | Arka Biswas | Microsoft Teams	2025-07-01 13:25:03+05:30	2025-07-01 13:25:15+05:30	12	f	neutral	1	1	4
7	d4b1d0ed-eccf-4e42-96ff-a67521c568bf	when i logout and delelte refresh token from cookies ,but any one can store... - Google Chrome	2025-07-01 13:25:24+05:30	2025-07-01 13:26:44+05:30	897	t	neutral	1	1	3
8	a58d55cd-c577-4e70-bde5-1c9cbaf82fdd	(1) Chat | Arka Biswas | Microsoft Teams	2025-07-01 13:25:38+05:30	2025-07-01 13:25:53+05:30	15	f	neutral	1	1	4
9	c186375d-4002-4141-9d27-68e9ce1e1e97	HRMWARE	2025-07-01 13:26:00+05:30	2025-07-01 13:26:44+05:30	44	f	neutral	1	1	1
10	fdbaf430-0809-4c2f-82aa-316a83da693c	when i logout and delelte refresh token from cookies ,but any one can store... - Google Chrome	2025-07-01 13:27:26+05:30	2025-07-01 13:28:57+05:30	471	t	neutral	1	1	3
11	95ff5468-a4ad-4994-b997-671abb285410	HRMWARE	2025-07-01 13:28:31+05:30	2025-07-01 13:28:57+05:30	26	f	neutral	1	1	1
12	dd8553a1-35de-4a62-95b3-f0e3d467991a	when i logout and delelte refresh token from cookies ,but any one can store... - Google Chrome	2025-07-01 13:29:26+05:30	2025-07-01 13:29:59+05:30	33	f	neutral	1	1	3
13	1feab235-03e1-4a8e-808b-dd2d39cd5cd2	user.js - instaily-backend-v2 - Visual Studio Code	2025-07-01 13:29:59+05:30	2025-07-01 13:31:45+05:30	3828	t	neutral	1	1	2
\.


--
-- Data for Name: auth_group; Type: TABLE DATA; Schema: public; Owner: vyrazu-35
--

COPY public.auth_group (id, name) FROM stdin;
\.


--
-- Data for Name: auth_group_permissions; Type: TABLE DATA; Schema: public; Owner: vyrazu-35
--

COPY public.auth_group_permissions (id, group_id, permission_id) FROM stdin;
\.


--
-- Data for Name: auth_permission; Type: TABLE DATA; Schema: public; Owner: vyrazu-35
--

COPY public.auth_permission (id, name, content_type_id, codename) FROM stdin;
1	Can add log entry	1	add_logentry
2	Can change log entry	1	change_logentry
3	Can delete log entry	1	delete_logentry
4	Can view log entry	1	view_logentry
5	Can add permission	2	add_permission
6	Can change permission	2	change_permission
7	Can delete permission	2	delete_permission
8	Can view permission	2	view_permission
9	Can add group	3	add_group
10	Can change group	3	change_group
11	Can delete group	3	delete_group
12	Can view group	3	view_group
13	Can add content type	4	add_contenttype
14	Can change content type	4	change_contenttype
15	Can delete content type	4	delete_contenttype
16	Can view content type	4	view_contenttype
17	Can add session	5	add_session
18	Can change session	5	change_session
19	Can delete session	5	delete_session
20	Can view session	5	view_session
21	Can add tracker app categories	6	add_trackerappcategories
22	Can change tracker app categories	6	change_trackerappcategories
23	Can delete tracker app categories	6	delete_trackerappcategories
24	Can view tracker app categories	6	view_trackerappcategories
25	Can add users	7	add_users
26	Can change users	7	change_users
27	Can delete users	7	delete_users
28	Can view users	7	view_users
29	Can add screenshots	8	add_screenshots
30	Can change screenshots	8	change_screenshots
31	Can delete screenshots	8	delete_screenshots
32	Can view screenshots	8	view_screenshots
33	Can add time segments	9	add_timesegments
34	Can change time segments	9	change_timesegments
35	Can delete time segments	9	delete_timesegments
36	Can view time segments	9	view_timesegments
37	Can add tracker apps	10	add_trackerapps
38	Can change tracker apps	10	change_trackerapps
39	Can delete tracker apps	10	delete_trackerapps
40	Can view tracker apps	10	view_trackerapps
41	Can add activity logs	11	add_activitylogs
42	Can change activity logs	11	change_activitylogs
43	Can delete activity logs	11	delete_activitylogs
44	Can view activity logs	11	view_activitylogs
45	Can add tracker summaries	12	add_trackersummaries
46	Can change tracker summaries	12	change_trackersummaries
47	Can delete tracker summaries	12	delete_trackersummaries
48	Can view tracker summaries	12	view_trackersummaries
\.


--
-- Data for Name: django_admin_log; Type: TABLE DATA; Schema: public; Owner: vyrazu-35
--

COPY public.django_admin_log (id, action_time, object_id, object_repr, action_flag, change_message, content_type_id, user_id) FROM stdin;
\.


--
-- Data for Name: django_content_type; Type: TABLE DATA; Schema: public; Owner: vyrazu-35
--

COPY public.django_content_type (id, app_label, model) FROM stdin;
1	admin	logentry
2	auth	permission
3	auth	group
4	contenttypes	contenttype
5	sessions	session
6	tracker	trackerappcategories
7	tracker	users
8	tracker	screenshots
9	tracker	timesegments
10	tracker	trackerapps
11	tracker	activitylogs
12	tracker	trackersummaries
\.


--
-- Data for Name: django_migrations; Type: TABLE DATA; Schema: public; Owner: vyrazu-35
--

COPY public.django_migrations (id, app, name, applied) FROM stdin;
1	contenttypes	0001_initial	2025-07-01 13:03:40.700872+05:30
2	contenttypes	0002_remove_content_type_name	2025-07-01 13:03:40.704609+05:30
3	auth	0001_initial	2025-07-01 13:03:40.734905+05:30
4	auth	0002_alter_permission_name_max_length	2025-07-01 13:03:40.740313+05:30
5	auth	0003_alter_user_email_max_length	2025-07-01 13:03:40.743855+05:30
6	auth	0004_alter_user_username_opts	2025-07-01 13:03:40.747093+05:30
7	auth	0005_alter_user_last_login_null	2025-07-01 13:03:40.751792+05:30
8	auth	0006_require_contenttypes_0002	2025-07-01 13:03:40.754728+05:30
9	auth	0007_alter_validators_add_error_messages	2025-07-01 13:03:40.758637+05:30
10	auth	0008_alter_user_username_max_length	2025-07-01 13:03:40.762129+05:30
11	auth	0009_alter_user_last_name_max_length	2025-07-01 13:03:40.768586+05:30
12	auth	0010_alter_group_name_max_length	2025-07-01 13:03:40.773278+05:30
13	auth	0011_update_proxy_permissions	2025-07-01 13:03:40.777208+05:30
14	auth	0012_alter_user_first_name_max_length	2025-07-01 13:03:40.783714+05:30
15	tracker	0001_initial	2025-07-01 13:03:40.870894+05:30
16	admin	0001_initial	2025-07-01 13:03:40.887846+05:30
17	admin	0002_logentry_remove_auto_add	2025-07-01 13:03:40.894818+05:30
18	admin	0003_logentry_add_action_flag_choices	2025-07-01 13:03:40.902228+05:30
19	sessions	0001_initial	2025-07-01 13:03:40.913454+05:30
20	tracker	0002_timesegments_activity_log	2025-07-02 11:24:10.639987+05:30
\.


--
-- Data for Name: django_session; Type: TABLE DATA; Schema: public; Owner: vyrazu-35
--

COPY public.django_session (session_key, session_data, expire_date) FROM stdin;
\.


--
-- Data for Name: screenshots; Type: TABLE DATA; Schema: public; Owner: vyrazu-35
--

COPY public.screenshots (id, uuid, capture_time, user_id) FROM stdin;
\.


--
-- Data for Name: time_segments; Type: TABLE DATA; Schema: public; Owner: vyrazu-35
--

COPY public.time_segments (id, uuid, date, start_time, end_time, duration, segment_type, user_id, activity_log_id) FROM stdin;
1	0e07fd4a-a659-447a-be01-73fb9af035a1	2025-07-01	2025-07-01 13:21:23+05:30	2025-07-01 13:21:26+05:30	3	neutral	1	\N
2	e58a31ff-07d0-493e-961a-366b74d24be1	2025-07-01	2025-07-01 13:21:26+05:30	2025-07-01 13:21:29+05:30	3	neutral	1	\N
3	1781132f-4608-4b2d-807e-7f3c69800d89	2025-07-01	2025-07-01 13:21:29+05:30	2025-07-01 13:23:23+05:30	6441	neutral	1	\N
4	11d182de-9c32-4f27-b36e-c12ecd6441c6	2025-07-01	2025-07-01 13:21:53+05:30	2025-07-01 13:21:56+05:30	6	idle	1	\N
5	184f7279-3130-4b0c-b992-f9b952d20721	2025-07-01	2025-07-01 13:23:23+05:30	2025-07-01 13:25:15+05:30	136	neutral	1	\N
6	f4674f4c-158d-47a4-82ad-152d9244a734	2025-07-01	2025-07-01 13:24:43+05:30	2025-07-01 13:24:56+05:30	13	neutral	1	\N
7	46c468ee-9402-458a-8df9-70ae9837bb6c	2025-07-01	2025-07-01 13:25:03+05:30	2025-07-01 13:25:15+05:30	12	neutral	1	\N
8	408f21c2-16fa-48d2-91c7-460632b93d7f	2025-07-01	2025-07-01 13:25:01+05:30	2025-07-01 13:25:02+05:30	4	idle	1	\N
9	a0853af8-3ece-467a-b14d-0f806cfc34d9	2025-07-01	2025-07-01 13:25:24+05:30	2025-07-01 13:26:44+05:30	897	neutral	1	\N
10	a6f42eba-5eae-4f62-8357-dfd1304222c3	2025-07-01	2025-07-01 13:25:38+05:30	2025-07-01 13:25:53+05:30	15	neutral	1	\N
11	360f8bf2-f867-48e1-9679-7babc6159f10	2025-07-01	2025-07-01 13:26:00+05:30	2025-07-01 13:26:44+05:30	44	neutral	1	\N
12	40ad6833-6a94-4bb0-8475-6ee303ea60ea	2025-07-01	2025-07-01 13:25:25+05:30	2025-07-01 13:25:38+05:30	16	idle	1	\N
13	e7bddd70-df12-4c49-a9b9-fd27fed6dea0	2025-07-01	2025-07-01 13:26:31+05:30	2025-07-01 13:26:34+05:30	6	idle	1	\N
14	a3a1b157-3462-41fa-be77-903ad7d1f248	2025-07-01	2025-07-01 13:27:18+05:30	2025-07-01 13:27:20+05:30	5	idle	1	\N
15	e8dcc33c-c9d7-486c-859c-11f4d8a9a61b	2025-07-01	2025-07-01 13:27:26+05:30	2025-07-01 13:28:57+05:30	471	neutral	1	\N
16	4dfa2a71-d07d-4244-9f49-2237b5529772	2025-07-01	2025-07-01 13:28:31+05:30	2025-07-01 13:28:57+05:30	26	neutral	1	\N
17	826d2e33-e31d-4a82-b582-fefe2c18bb32	2025-07-01	2025-07-01 13:28:23+05:30	2025-07-01 13:28:24+05:30	4	idle	1	\N
18	8a4a7b37-c017-48d4-8c44-6efa9bebb069	2025-07-01	2025-07-01 13:29:03+05:30	2025-07-01 13:29:06+05:30	6	idle	1	\N
19	22418bc4-dc8d-4f2e-8c1f-ab7b24377ad7	2025-07-01	2025-07-01 13:29:19+05:30	2025-07-01 13:29:25+05:30	10	idle	1	\N
20	9efc1c00-af2a-4efe-93bb-93318bd7d95c	2025-07-01	2025-07-01 13:29:26+05:30	2025-07-01 13:29:59+05:30	33	neutral	1	\N
21	2558d952-e030-4b29-8fe9-9399e91246ac	2025-07-01	2025-07-01 13:29:59+05:30	2025-07-01 13:31:45+05:30	3828	neutral	1	\N
22	ade739fd-c544-47e4-a43f-1ec76a2cc672	2025-07-01	2025-07-01 13:29:26+05:30	2025-07-01 13:29:28+05:30	12	idle	1	\N
23	c141873a-3d61-487a-91ba-c1aa0e647252	2025-07-01	2025-07-01 13:29:33+05:30	2025-07-01 13:29:37+05:30	7	idle	1	\N
24	49eb2925-aed1-44b2-b42a-136bf0d4ac3c	2025-07-01	2025-07-01 13:29:41+05:30	2025-07-01 13:29:42+05:30	4	idle	1	\N
25	7ba5beb2-de4f-4a76-a657-3f2363a34df0	2025-07-01	2025-07-01 13:29:48+05:30	2025-07-01 13:29:52+05:30	7	idle	1	\N
26	4647a859-7e21-4be0-a4c0-ad336cdf139b	2025-07-01	2025-07-01 13:30:04+05:30	2025-07-01 13:31:26+05:30	86	idle	1	\N
\.


--
-- Data for Name: tracker_app_categories; Type: TABLE DATA; Schema: public; Owner: vyrazu-35
--

COPY public.tracker_app_categories (id, uuid, name, productivity_status_type) FROM stdin;
1	8ae256f9-a21c-462f-9850-2d4a8292aa44	Development tool	productive
\.


--
-- Data for Name: tracker_apps; Type: TABLE DATA; Schema: public; Owner: vyrazu-35
--

COPY public.tracker_apps (id, uuid, name, category_id) FROM stdin;
1	070cd842-aec8-4a25-b3e2-15743dbd36e9	hrmware_v2	1
2	d7d2806e-97de-4cc4-9f16-cc303bcfa365	code	1
3	4b66747f-8e1c-4ec6-9c88-c14d74a6105c	google-chrome	1
4	52d2eb25-70c0-4678-81b3-0f4230219a14	teams-for-linux	1
\.


--
-- Data for Name: tracker_summaries; Type: TABLE DATA; Schema: public; Owner: vyrazu-35
--

COPY public.tracker_summaries (id, summary_id, summary_date, start_time, last_seen_time, working_time, productive_time, non_productive_time, away_time, user_id) FROM stdin;
\.


--
-- Data for Name: users; Type: TABLE DATA; Schema: public; Owner: vyrazu-35
--

COPY public.users (id, organization_id, employee_id, first_name, last_name, email, password, remember_token, type, status, deleted_at, created_at, updated_at, activation_confirm, is_admin) FROM stdin;
1		32ba42628aa0e8	test		test@example.com	pbkdf2_sha256$1000000$ftIx6cEfP1UyeUgWjpwNL2$9HnwxctbB1hHkhMnj4A0eQ+CtfNu/V7rUpeaBWemgws=	\N		1	\N	2025-06-27 16:58:16.602001+05:30	2025-06-27 16:58:16.645321+05:30	\N	t
\.


--
-- Data for Name: users_groups; Type: TABLE DATA; Schema: public; Owner: vyrazu-35
--

COPY public.users_groups (id, users_id, group_id) FROM stdin;
\.


--
-- Data for Name: users_user_permissions; Type: TABLE DATA; Schema: public; Owner: vyrazu-35
--

COPY public.users_user_permissions (id, users_id, permission_id) FROM stdin;
\.


--
-- Name: activity_logs_id_seq; Type: SEQUENCE SET; Schema: public; Owner: vyrazu-35
--

SELECT pg_catalog.setval('public.activity_logs_id_seq', 13, true);


--
-- Name: auth_group_id_seq; Type: SEQUENCE SET; Schema: public; Owner: vyrazu-35
--

SELECT pg_catalog.setval('public.auth_group_id_seq', 1, false);


--
-- Name: auth_group_permissions_id_seq; Type: SEQUENCE SET; Schema: public; Owner: vyrazu-35
--

SELECT pg_catalog.setval('public.auth_group_permissions_id_seq', 1, false);


--
-- Name: auth_permission_id_seq; Type: SEQUENCE SET; Schema: public; Owner: vyrazu-35
--

SELECT pg_catalog.setval('public.auth_permission_id_seq', 48, true);


--
-- Name: django_admin_log_id_seq; Type: SEQUENCE SET; Schema: public; Owner: vyrazu-35
--

SELECT pg_catalog.setval('public.django_admin_log_id_seq', 1, false);


--
-- Name: django_content_type_id_seq; Type: SEQUENCE SET; Schema: public; Owner: vyrazu-35
--

SELECT pg_catalog.setval('public.django_content_type_id_seq', 12, true);


--
-- Name: django_migrations_id_seq; Type: SEQUENCE SET; Schema: public; Owner: vyrazu-35
--

SELECT pg_catalog.setval('public.django_migrations_id_seq', 20, true);


--
-- Name: screenshots_id_seq; Type: SEQUENCE SET; Schema: public; Owner: vyrazu-35
--

SELECT pg_catalog.setval('public.screenshots_id_seq', 1, false);


--
-- Name: time_segments_id_seq; Type: SEQUENCE SET; Schema: public; Owner: vyrazu-35
--

SELECT pg_catalog.setval('public.time_segments_id_seq', 26, true);


--
-- Name: tracker_app_categories_id_seq; Type: SEQUENCE SET; Schema: public; Owner: vyrazu-35
--

SELECT pg_catalog.setval('public.tracker_app_categories_id_seq', 1, true);


--
-- Name: tracker_apps_id_seq; Type: SEQUENCE SET; Schema: public; Owner: vyrazu-35
--

SELECT pg_catalog.setval('public.tracker_apps_id_seq', 4, true);


--
-- Name: tracker_summaries_id_seq; Type: SEQUENCE SET; Schema: public; Owner: vyrazu-35
--

SELECT pg_catalog.setval('public.tracker_summaries_id_seq', 1, false);


--
-- Name: users_groups_id_seq; Type: SEQUENCE SET; Schema: public; Owner: vyrazu-35
--

SELECT pg_catalog.setval('public.users_groups_id_seq', 1, false);


--
-- Name: users_id_seq; Type: SEQUENCE SET; Schema: public; Owner: vyrazu-35
--

SELECT pg_catalog.setval('public.users_id_seq', 1, true);


--
-- Name: users_user_permissions_id_seq; Type: SEQUENCE SET; Schema: public; Owner: vyrazu-35
--

SELECT pg_catalog.setval('public.users_user_permissions_id_seq', 1, false);


--
-- Name: activity_logs activity_logs_log_id_key; Type: CONSTRAINT; Schema: public; Owner: vyrazu-35
--

ALTER TABLE ONLY public.activity_logs
    ADD CONSTRAINT activity_logs_log_id_key UNIQUE (log_id);


--
-- Name: activity_logs activity_logs_pkey; Type: CONSTRAINT; Schema: public; Owner: vyrazu-35
--

ALTER TABLE ONLY public.activity_logs
    ADD CONSTRAINT activity_logs_pkey PRIMARY KEY (id);


--
-- Name: auth_group auth_group_name_key; Type: CONSTRAINT; Schema: public; Owner: vyrazu-35
--

ALTER TABLE ONLY public.auth_group
    ADD CONSTRAINT auth_group_name_key UNIQUE (name);


--
-- Name: auth_group_permissions auth_group_permissions_group_id_permission_id_0cd325b0_uniq; Type: CONSTRAINT; Schema: public; Owner: vyrazu-35
--

ALTER TABLE ONLY public.auth_group_permissions
    ADD CONSTRAINT auth_group_permissions_group_id_permission_id_0cd325b0_uniq UNIQUE (group_id, permission_id);


--
-- Name: auth_group_permissions auth_group_permissions_pkey; Type: CONSTRAINT; Schema: public; Owner: vyrazu-35
--

ALTER TABLE ONLY public.auth_group_permissions
    ADD CONSTRAINT auth_group_permissions_pkey PRIMARY KEY (id);


--
-- Name: auth_group auth_group_pkey; Type: CONSTRAINT; Schema: public; Owner: vyrazu-35
--

ALTER TABLE ONLY public.auth_group
    ADD CONSTRAINT auth_group_pkey PRIMARY KEY (id);


--
-- Name: auth_permission auth_permission_content_type_id_codename_01ab375a_uniq; Type: CONSTRAINT; Schema: public; Owner: vyrazu-35
--

ALTER TABLE ONLY public.auth_permission
    ADD CONSTRAINT auth_permission_content_type_id_codename_01ab375a_uniq UNIQUE (content_type_id, codename);


--
-- Name: auth_permission auth_permission_pkey; Type: CONSTRAINT; Schema: public; Owner: vyrazu-35
--

ALTER TABLE ONLY public.auth_permission
    ADD CONSTRAINT auth_permission_pkey PRIMARY KEY (id);


--
-- Name: django_admin_log django_admin_log_pkey; Type: CONSTRAINT; Schema: public; Owner: vyrazu-35
--

ALTER TABLE ONLY public.django_admin_log
    ADD CONSTRAINT django_admin_log_pkey PRIMARY KEY (id);


--
-- Name: django_content_type django_content_type_app_label_model_76bd3d3b_uniq; Type: CONSTRAINT; Schema: public; Owner: vyrazu-35
--

ALTER TABLE ONLY public.django_content_type
    ADD CONSTRAINT django_content_type_app_label_model_76bd3d3b_uniq UNIQUE (app_label, model);


--
-- Name: django_content_type django_content_type_pkey; Type: CONSTRAINT; Schema: public; Owner: vyrazu-35
--

ALTER TABLE ONLY public.django_content_type
    ADD CONSTRAINT django_content_type_pkey PRIMARY KEY (id);


--
-- Name: django_migrations django_migrations_pkey; Type: CONSTRAINT; Schema: public; Owner: vyrazu-35
--

ALTER TABLE ONLY public.django_migrations
    ADD CONSTRAINT django_migrations_pkey PRIMARY KEY (id);


--
-- Name: django_session django_session_pkey; Type: CONSTRAINT; Schema: public; Owner: vyrazu-35
--

ALTER TABLE ONLY public.django_session
    ADD CONSTRAINT django_session_pkey PRIMARY KEY (session_key);


--
-- Name: screenshots screenshots_pkey; Type: CONSTRAINT; Schema: public; Owner: vyrazu-35
--

ALTER TABLE ONLY public.screenshots
    ADD CONSTRAINT screenshots_pkey PRIMARY KEY (id);


--
-- Name: screenshots screenshots_uuid_key; Type: CONSTRAINT; Schema: public; Owner: vyrazu-35
--

ALTER TABLE ONLY public.screenshots
    ADD CONSTRAINT screenshots_uuid_key UNIQUE (uuid);


--
-- Name: time_segments time_segments_activity_log_id_key; Type: CONSTRAINT; Schema: public; Owner: vyrazu-35
--

ALTER TABLE ONLY public.time_segments
    ADD CONSTRAINT time_segments_activity_log_id_key UNIQUE (activity_log_id);


--
-- Name: time_segments time_segments_pkey; Type: CONSTRAINT; Schema: public; Owner: vyrazu-35
--

ALTER TABLE ONLY public.time_segments
    ADD CONSTRAINT time_segments_pkey PRIMARY KEY (id);


--
-- Name: time_segments time_segments_uuid_key; Type: CONSTRAINT; Schema: public; Owner: vyrazu-35
--

ALTER TABLE ONLY public.time_segments
    ADD CONSTRAINT time_segments_uuid_key UNIQUE (uuid);


--
-- Name: tracker_app_categories tracker_app_categories_name_key; Type: CONSTRAINT; Schema: public; Owner: vyrazu-35
--

ALTER TABLE ONLY public.tracker_app_categories
    ADD CONSTRAINT tracker_app_categories_name_key UNIQUE (name);


--
-- Name: tracker_app_categories tracker_app_categories_pkey; Type: CONSTRAINT; Schema: public; Owner: vyrazu-35
--

ALTER TABLE ONLY public.tracker_app_categories
    ADD CONSTRAINT tracker_app_categories_pkey PRIMARY KEY (id);


--
-- Name: tracker_app_categories tracker_app_categories_uuid_key; Type: CONSTRAINT; Schema: public; Owner: vyrazu-35
--

ALTER TABLE ONLY public.tracker_app_categories
    ADD CONSTRAINT tracker_app_categories_uuid_key UNIQUE (uuid);


--
-- Name: tracker_apps tracker_apps_name_key; Type: CONSTRAINT; Schema: public; Owner: vyrazu-35
--

ALTER TABLE ONLY public.tracker_apps
    ADD CONSTRAINT tracker_apps_name_key UNIQUE (name);


--
-- Name: tracker_apps tracker_apps_pkey; Type: CONSTRAINT; Schema: public; Owner: vyrazu-35
--

ALTER TABLE ONLY public.tracker_apps
    ADD CONSTRAINT tracker_apps_pkey PRIMARY KEY (id);


--
-- Name: tracker_apps tracker_apps_uuid_key; Type: CONSTRAINT; Schema: public; Owner: vyrazu-35
--

ALTER TABLE ONLY public.tracker_apps
    ADD CONSTRAINT tracker_apps_uuid_key UNIQUE (uuid);


--
-- Name: tracker_summaries tracker_summaries_pkey; Type: CONSTRAINT; Schema: public; Owner: vyrazu-35
--

ALTER TABLE ONLY public.tracker_summaries
    ADD CONSTRAINT tracker_summaries_pkey PRIMARY KEY (id);


--
-- Name: tracker_summaries tracker_summaries_summary_id_key; Type: CONSTRAINT; Schema: public; Owner: vyrazu-35
--

ALTER TABLE ONLY public.tracker_summaries
    ADD CONSTRAINT tracker_summaries_summary_id_key UNIQUE (summary_id);


--
-- Name: users users_email_key; Type: CONSTRAINT; Schema: public; Owner: vyrazu-35
--

ALTER TABLE ONLY public.users
    ADD CONSTRAINT users_email_key UNIQUE (email);


--
-- Name: users users_employee_id_key; Type: CONSTRAINT; Schema: public; Owner: vyrazu-35
--

ALTER TABLE ONLY public.users
    ADD CONSTRAINT users_employee_id_key UNIQUE (employee_id);


--
-- Name: users_groups users_groups_pkey; Type: CONSTRAINT; Schema: public; Owner: vyrazu-35
--

ALTER TABLE ONLY public.users_groups
    ADD CONSTRAINT users_groups_pkey PRIMARY KEY (id);


--
-- Name: users_groups users_groups_users_id_group_id_83a49e68_uniq; Type: CONSTRAINT; Schema: public; Owner: vyrazu-35
--

ALTER TABLE ONLY public.users_groups
    ADD CONSTRAINT users_groups_users_id_group_id_83a49e68_uniq UNIQUE (users_id, group_id);


--
-- Name: users users_pkey; Type: CONSTRAINT; Schema: public; Owner: vyrazu-35
--

ALTER TABLE ONLY public.users
    ADD CONSTRAINT users_pkey PRIMARY KEY (id);


--
-- Name: users_user_permissions users_user_permissions_pkey; Type: CONSTRAINT; Schema: public; Owner: vyrazu-35
--

ALTER TABLE ONLY public.users_user_permissions
    ADD CONSTRAINT users_user_permissions_pkey PRIMARY KEY (id);


--
-- Name: users_user_permissions users_user_permissions_users_id_permission_id_d7a00931_uniq; Type: CONSTRAINT; Schema: public; Owner: vyrazu-35
--

ALTER TABLE ONLY public.users_user_permissions
    ADD CONSTRAINT users_user_permissions_users_id_permission_id_d7a00931_uniq UNIQUE (users_id, permission_id);


--
-- Name: activity_logs_app_id_b4acda9c; Type: INDEX; Schema: public; Owner: vyrazu-35
--

CREATE INDEX activity_logs_app_id_b4acda9c ON public.activity_logs USING btree (app_id);


--
-- Name: activity_logs_category_id_f41f1a82; Type: INDEX; Schema: public; Owner: vyrazu-35
--

CREATE INDEX activity_logs_category_id_f41f1a82 ON public.activity_logs USING btree (category_id);


--
-- Name: activity_logs_user_id_60cbbbe3; Type: INDEX; Schema: public; Owner: vyrazu-35
--

CREATE INDEX activity_logs_user_id_60cbbbe3 ON public.activity_logs USING btree (user_id);


--
-- Name: auth_group_name_a6ea08ec_like; Type: INDEX; Schema: public; Owner: vyrazu-35
--

CREATE INDEX auth_group_name_a6ea08ec_like ON public.auth_group USING btree (name varchar_pattern_ops);


--
-- Name: auth_group_permissions_group_id_b120cbf9; Type: INDEX; Schema: public; Owner: vyrazu-35
--

CREATE INDEX auth_group_permissions_group_id_b120cbf9 ON public.auth_group_permissions USING btree (group_id);


--
-- Name: auth_group_permissions_permission_id_84c5c92e; Type: INDEX; Schema: public; Owner: vyrazu-35
--

CREATE INDEX auth_group_permissions_permission_id_84c5c92e ON public.auth_group_permissions USING btree (permission_id);


--
-- Name: auth_permission_content_type_id_2f476e4b; Type: INDEX; Schema: public; Owner: vyrazu-35
--

CREATE INDEX auth_permission_content_type_id_2f476e4b ON public.auth_permission USING btree (content_type_id);


--
-- Name: django_admin_log_content_type_id_c4bce8eb; Type: INDEX; Schema: public; Owner: vyrazu-35
--

CREATE INDEX django_admin_log_content_type_id_c4bce8eb ON public.django_admin_log USING btree (content_type_id);


--
-- Name: django_admin_log_user_id_c564eba6; Type: INDEX; Schema: public; Owner: vyrazu-35
--

CREATE INDEX django_admin_log_user_id_c564eba6 ON public.django_admin_log USING btree (user_id);


--
-- Name: django_session_expire_date_a5c62663; Type: INDEX; Schema: public; Owner: vyrazu-35
--

CREATE INDEX django_session_expire_date_a5c62663 ON public.django_session USING btree (expire_date);


--
-- Name: django_session_session_key_c0390e0f_like; Type: INDEX; Schema: public; Owner: vyrazu-35
--

CREATE INDEX django_session_session_key_c0390e0f_like ON public.django_session USING btree (session_key varchar_pattern_ops);


--
-- Name: screenshots_user_id_5aab429e; Type: INDEX; Schema: public; Owner: vyrazu-35
--

CREATE INDEX screenshots_user_id_5aab429e ON public.screenshots USING btree (user_id);


--
-- Name: time_segments_user_id_7f42c930; Type: INDEX; Schema: public; Owner: vyrazu-35
--

CREATE INDEX time_segments_user_id_7f42c930 ON public.time_segments USING btree (user_id);


--
-- Name: tracker_app_categories_name_c6564d0d_like; Type: INDEX; Schema: public; Owner: vyrazu-35
--

CREATE INDEX tracker_app_categories_name_c6564d0d_like ON public.tracker_app_categories USING btree (name varchar_pattern_ops);


--
-- Name: tracker_apps_category_id_a2804390; Type: INDEX; Schema: public; Owner: vyrazu-35
--

CREATE INDEX tracker_apps_category_id_a2804390 ON public.tracker_apps USING btree (category_id);


--
-- Name: tracker_apps_name_d3d3a264_like; Type: INDEX; Schema: public; Owner: vyrazu-35
--

CREATE INDEX tracker_apps_name_d3d3a264_like ON public.tracker_apps USING btree (name varchar_pattern_ops);


--
-- Name: tracker_summaries_user_id_3db4595d; Type: INDEX; Schema: public; Owner: vyrazu-35
--

CREATE INDEX tracker_summaries_user_id_3db4595d ON public.tracker_summaries USING btree (user_id);


--
-- Name: users_email_0ea73cca_like; Type: INDEX; Schema: public; Owner: vyrazu-35
--

CREATE INDEX users_email_0ea73cca_like ON public.users USING btree (email varchar_pattern_ops);


--
-- Name: users_employee_id_7c8e0276_like; Type: INDEX; Schema: public; Owner: vyrazu-35
--

CREATE INDEX users_employee_id_7c8e0276_like ON public.users USING btree (employee_id varchar_pattern_ops);


--
-- Name: users_groups_group_id_2f3517aa; Type: INDEX; Schema: public; Owner: vyrazu-35
--

CREATE INDEX users_groups_group_id_2f3517aa ON public.users_groups USING btree (group_id);


--
-- Name: users_groups_users_id_1e682706; Type: INDEX; Schema: public; Owner: vyrazu-35
--

CREATE INDEX users_groups_users_id_1e682706 ON public.users_groups USING btree (users_id);


--
-- Name: users_user_permissions_permission_id_6d08dcd2; Type: INDEX; Schema: public; Owner: vyrazu-35
--

CREATE INDEX users_user_permissions_permission_id_6d08dcd2 ON public.users_user_permissions USING btree (permission_id);


--
-- Name: users_user_permissions_users_id_e1ed60a2; Type: INDEX; Schema: public; Owner: vyrazu-35
--

CREATE INDEX users_user_permissions_users_id_e1ed60a2 ON public.users_user_permissions USING btree (users_id);


--
-- Name: activity_logs activity_logs_app_id_b4acda9c_fk_tracker_apps_id; Type: FK CONSTRAINT; Schema: public; Owner: vyrazu-35
--

ALTER TABLE ONLY public.activity_logs
    ADD CONSTRAINT activity_logs_app_id_b4acda9c_fk_tracker_apps_id FOREIGN KEY (app_id) REFERENCES public.tracker_apps(id) DEFERRABLE INITIALLY DEFERRED;


--
-- Name: activity_logs activity_logs_category_id_f41f1a82_fk_tracker_app_categories_id; Type: FK CONSTRAINT; Schema: public; Owner: vyrazu-35
--

ALTER TABLE ONLY public.activity_logs
    ADD CONSTRAINT activity_logs_category_id_f41f1a82_fk_tracker_app_categories_id FOREIGN KEY (category_id) REFERENCES public.tracker_app_categories(id) DEFERRABLE INITIALLY DEFERRED;


--
-- Name: activity_logs activity_logs_user_id_60cbbbe3_fk_users_id; Type: FK CONSTRAINT; Schema: public; Owner: vyrazu-35
--

ALTER TABLE ONLY public.activity_logs
    ADD CONSTRAINT activity_logs_user_id_60cbbbe3_fk_users_id FOREIGN KEY (user_id) REFERENCES public.users(id) DEFERRABLE INITIALLY DEFERRED;


--
-- Name: auth_group_permissions auth_group_permissio_permission_id_84c5c92e_fk_auth_perm; Type: FK CONSTRAINT; Schema: public; Owner: vyrazu-35
--

ALTER TABLE ONLY public.auth_group_permissions
    ADD CONSTRAINT auth_group_permissio_permission_id_84c5c92e_fk_auth_perm FOREIGN KEY (permission_id) REFERENCES public.auth_permission(id) DEFERRABLE INITIALLY DEFERRED;


--
-- Name: auth_group_permissions auth_group_permissions_group_id_b120cbf9_fk_auth_group_id; Type: FK CONSTRAINT; Schema: public; Owner: vyrazu-35
--

ALTER TABLE ONLY public.auth_group_permissions
    ADD CONSTRAINT auth_group_permissions_group_id_b120cbf9_fk_auth_group_id FOREIGN KEY (group_id) REFERENCES public.auth_group(id) DEFERRABLE INITIALLY DEFERRED;


--
-- Name: auth_permission auth_permission_content_type_id_2f476e4b_fk_django_co; Type: FK CONSTRAINT; Schema: public; Owner: vyrazu-35
--

ALTER TABLE ONLY public.auth_permission
    ADD CONSTRAINT auth_permission_content_type_id_2f476e4b_fk_django_co FOREIGN KEY (content_type_id) REFERENCES public.django_content_type(id) DEFERRABLE INITIALLY DEFERRED;


--
-- Name: django_admin_log django_admin_log_content_type_id_c4bce8eb_fk_django_co; Type: FK CONSTRAINT; Schema: public; Owner: vyrazu-35
--

ALTER TABLE ONLY public.django_admin_log
    ADD CONSTRAINT django_admin_log_content_type_id_c4bce8eb_fk_django_co FOREIGN KEY (content_type_id) REFERENCES public.django_content_type(id) DEFERRABLE INITIALLY DEFERRED;


--
-- Name: django_admin_log django_admin_log_user_id_c564eba6_fk_users_id; Type: FK CONSTRAINT; Schema: public; Owner: vyrazu-35
--

ALTER TABLE ONLY public.django_admin_log
    ADD CONSTRAINT django_admin_log_user_id_c564eba6_fk_users_id FOREIGN KEY (user_id) REFERENCES public.users(id) DEFERRABLE INITIALLY DEFERRED;


--
-- Name: screenshots screenshots_user_id_5aab429e_fk_users_id; Type: FK CONSTRAINT; Schema: public; Owner: vyrazu-35
--

ALTER TABLE ONLY public.screenshots
    ADD CONSTRAINT screenshots_user_id_5aab429e_fk_users_id FOREIGN KEY (user_id) REFERENCES public.users(id) DEFERRABLE INITIALLY DEFERRED;


--
-- Name: time_segments time_segments_activity_log_id_d3f734ec_fk_activity_logs_id; Type: FK CONSTRAINT; Schema: public; Owner: vyrazu-35
--

ALTER TABLE ONLY public.time_segments
    ADD CONSTRAINT time_segments_activity_log_id_d3f734ec_fk_activity_logs_id FOREIGN KEY (activity_log_id) REFERENCES public.activity_logs(id) DEFERRABLE INITIALLY DEFERRED;


--
-- Name: time_segments time_segments_user_id_7f42c930_fk_users_id; Type: FK CONSTRAINT; Schema: public; Owner: vyrazu-35
--

ALTER TABLE ONLY public.time_segments
    ADD CONSTRAINT time_segments_user_id_7f42c930_fk_users_id FOREIGN KEY (user_id) REFERENCES public.users(id) DEFERRABLE INITIALLY DEFERRED;


--
-- Name: tracker_apps tracker_apps_category_id_a2804390_fk_tracker_app_categories_id; Type: FK CONSTRAINT; Schema: public; Owner: vyrazu-35
--

ALTER TABLE ONLY public.tracker_apps
    ADD CONSTRAINT tracker_apps_category_id_a2804390_fk_tracker_app_categories_id FOREIGN KEY (category_id) REFERENCES public.tracker_app_categories(id) DEFERRABLE INITIALLY DEFERRED;


--
-- Name: tracker_summaries tracker_summaries_user_id_3db4595d_fk_users_id; Type: FK CONSTRAINT; Schema: public; Owner: vyrazu-35
--

ALTER TABLE ONLY public.tracker_summaries
    ADD CONSTRAINT tracker_summaries_user_id_3db4595d_fk_users_id FOREIGN KEY (user_id) REFERENCES public.users(id) DEFERRABLE INITIALLY DEFERRED;


--
-- Name: users_groups users_groups_group_id_2f3517aa_fk_auth_group_id; Type: FK CONSTRAINT; Schema: public; Owner: vyrazu-35
--

ALTER TABLE ONLY public.users_groups
    ADD CONSTRAINT users_groups_group_id_2f3517aa_fk_auth_group_id FOREIGN KEY (group_id) REFERENCES public.auth_group(id) DEFERRABLE INITIALLY DEFERRED;


--
-- Name: users_groups users_groups_users_id_1e682706_fk_users_id; Type: FK CONSTRAINT; Schema: public; Owner: vyrazu-35
--

ALTER TABLE ONLY public.users_groups
    ADD CONSTRAINT users_groups_users_id_1e682706_fk_users_id FOREIGN KEY (users_id) REFERENCES public.users(id) DEFERRABLE INITIALLY DEFERRED;


--
-- Name: users_user_permissions users_user_permissio_permission_id_6d08dcd2_fk_auth_perm; Type: FK CONSTRAINT; Schema: public; Owner: vyrazu-35
--

ALTER TABLE ONLY public.users_user_permissions
    ADD CONSTRAINT users_user_permissio_permission_id_6d08dcd2_fk_auth_perm FOREIGN KEY (permission_id) REFERENCES public.auth_permission(id) DEFERRABLE INITIALLY DEFERRED;


--
-- Name: users_user_permissions users_user_permissions_users_id_e1ed60a2_fk_users_id; Type: FK CONSTRAINT; Schema: public; Owner: vyrazu-35
--

ALTER TABLE ONLY public.users_user_permissions
    ADD CONSTRAINT users_user_permissions_users_id_e1ed60a2_fk_users_id FOREIGN KEY (users_id) REFERENCES public.users(id) DEFERRABLE INITIALLY DEFERRED;


--
-- PostgreSQL database dump complete
--

